,College,Departments,"1.1 Teaching in large class environments Competence[Novice,Advanced]","1.2 Facilitating learning through group work Competence[Novice,Advanced]","1.3 Using effective classroom management techniques with Canvas or other tools Competence[Novice,Advanced]","1.4 Using Canvas for course design Competence[Novice,Advanced]","1.5 Aligning course goals, objectives, assessments, and content Competence[Novice,Advanced]","1.6 Using open educational resources Competence[Novice,Advanced]","1.7 Using inclusive multimedia* to enhance courses Competence[Novice,Advanced]","1.8 Creating videos for instructional purposes Competence[Novice,Advanced]","1.9 Having students create and share multimedia projects Competence[Novice,Advanced]","1.10 Teaching distracted students Competence[Novice,Advanced]","1.11 Developing professional development courses Competence[Novice,Advanced]","1.12 Using experiential learning* strategies Competence[Novice,Advanced]","1.13 Choosing the right strategy and tool for course content Competence[Novice,Advanced]",2.1 Designing learning activities for Hybrid/blended* environments.,"2.2 Teaching in Hybrid/blended* environments. Competence[Novice,Advanced]","2.3 Designing learning objects for Asynchronous online* environments. Competence[Novice,Advanced]","2.4 Teaching in Asynchronous online*environments. Competence[Novice,Advanced]","2.5 Designing learning activities for Synchronous online* environments. Competence[Novice,Advanced]","2.6 Teaching in Synchronous online* environments. Competence[Novice,Advanced]","2.7Designing learning activities for Bichronous online* environments. Competence[Novice,Advanced]","2.8 Teaching in Bichronous Online* environments. Competence[Novice,Advanced]",3.1 Managing time effectively,"3.2 Using project management* Skills Competence [Novice,Advanced]","3.3 Using good communication skills Competence [Novice,Advanced]","3.4 Dealing with conflict and team dynamics Competence [Novice,Advanced]","3.5 Using Google Apps* for project management Competence [Novice,Advanced]","3.6 Using Google apps for collaboration Competence [Novice,Advanced]","3.7 Using Microsoft Teams for project management Competence [Novice,Advanced]","3.8 Using Office365 for collaboration Competence [Novice,Advanced]","3.9 Using Adobe software for visual design projects (e.g. Photoshop, AfterEffect and Illustrator etc.) Competence [Novice,Advanced]","3.10 Using Office365 for document, spreadsheet, and/or presentation creation Competence [Novice,Advanced]","3.11 Choosing the right technology for the job required Competence [Novice,Advanced]","3.12 Reporting productivity using VTelements* (for EFARS) Competence [Novice,Advanced]","3.13 Using web content management tools (e.g. Ensemble etc.) Competence [Novice,Advanced]","3.14 Improving cyber security Competence [Novice,Advanced]",4.1 Developing surveys or instruments for research,4.2  Using quantitative tools for research,"4.3 Using qualitative data for research Competence [Novice,Advanced]","4.4 Using mixed methods for research Competence [Novice,Advanced]","4.5 Navigating the publication process Competence [Novice,Advanced]","4.6 Data visualization Competence [Novice,Advanced]","4.7 Using a citation manager Competence [Novice,Advanced]","4.8 Using scholarly databases and journals Competence [Novice,Advanced]","4.9 Finding and using existing data Competence [Novice,Advanced]","4.10 Managing and sharing data Competence [Novice,Advanced]","4.11 Working with large scale data Competence [Novice,Advanced]","4.12 Understanding ethics in research Competence [Novice,Advanced]","4.13 Conducting structured reviews, literary reviews and evidence synthesis Competence [Novice,Advanced]","4.14 Understanding the grant process Competence [Novice,Advanced]","4.15 Building scholarship of teaching and learning Competence [Novice,Advanced]",5.1 Developing assessments aligned with instructional goals and objectives,5.2 Using authentic assessments*,"5.3 Using technology to design, deliver, and grade assessments Competence[Novice,Advanced]","5.4 Using Canvas: for tests and quizzes Competence[Novice,Advanced]","5.5 Using questions and strategies for increasing student feedback and using it Competence[Novice,Advanced]","5.6 Assessing your course for quality Competence[Novice,Advanced]","5.7 Applying UDL principles for flexible assessment Competence[Novice,Advanced]","5.8 Using peer assessment and feedback Competence[Novice,Advanced]","5.9Integrating pathways assessment* strategies Competence[Novice,Advanced]","5.10 Finding ways to expand assessment options Competence[Novice,Advanced]",6.1 Using/showcasing accessible technologies to increase student awareness and success,"6.2 Making course materials accessible for all students (Universal Design for Learning*, Ally* within Canvas, etc.)",6.3 Cultivating belonging with students,"6.4 Helping students become self-regulated learners Competence[Novice,Advanced]","6.5 Creating a welcoming and affirming environment Competence[Novice,Advanced]","6.6 Understanding and using inclusive pedagogy* Competence[Novice,Advanced]","6.7 Leveraging UDL to make learning welcoming, accessible, and meaningful for all students Competence[Novice,Advanced]","6.8 Creating meaningful metrics for inclusion and diversity Competence[Novice,Advanced]","6.9 Using PREP* or Adobe Acrobat to design accessible educational materials Competence[Novice,Advanced]","6.10 Increasing cultural competencies Competence[Novice,Advanced]","7.1 Engaging with neurodiverse audiences (autism, ADHD, and others)",7.2 Connecting Schools and Museums,7.3 Communicating research with a non-academic audience,7.4 Using culturally-relevant/sensitive engagement with the public,7.5 Assessing & evaluating the impact of outreach and engagement
Academic Programs,College of Agriculture and Life Sciences,,0.0,0.0,0.0,0.0,100.0,0.0,0.0,0.0,0.0,0.0,0.0,0.0,0.0,0.0,0.0,0.0,0.0,0.0,0.0,0.0,0.0,0.0,0.0,0.0,100.0,0.0,0.0,0.0,0.0,0.0,0.0,100.0,100.0,0.0,0.0,0.0,0.0,100.0,100.0,100.0,0.0,0.0,0.0,100.0,100.0,0.0,0.0,100.0,0.0,0.0,0.0,0.0,0.0,0.0,100.0,0.0,0.0,0.0,0.0,0.0,0.0,100.0,0.0,0.0,0.0,0.0,0.0,0.0,0.0,0.0,100.0,0.0,0.0,100.0,100.0
Academy of Integrated Science,College of Science,,0.0,0.0,0.0,0.0,0.0,0.0,0.0,0.0,0.0,0.0,0.0,0.0,0.0,0.0,100.0,100.0,100.0,100.0,100.0,100.0,0.0,0.0,0.0,0.0,0.0,0.0,100.0,0.0,0.0,0.0,0.0,0.0,0.0,0.0,0.0,0.0,100.0,0.0,0.0,0.0,0.0,0.0,0.0,0.0,0.0,0.0,0.0,0.0,0.0,0.0,0.0,0.0,0.0,0.0,0.0,0.0,0.0,0.0,0.0,0.0,100.0,100.0,0.0,0.0,0.0,100.0,0.0,0.0,0.0,0.0,100.0,100.0,0.0,0.0,0.0
Agricultural Technology Program,College of Agriculture and Life Sciences,,33.33333333333333,0.0,0.0,0.0,0.0,0.0,66.66666666666666,66.66666666666666,0.0,0.0,0.0,33.33333333333333,0.0,0.0,66.66666666666666,33.33333333333333,33.33333333333333,33.33333333333333,33.33333333333333,0.0,0.0,33.33333333333333,0.0,33.33333333333333,66.66666666666666,0.0,66.66666666666666,33.33333333333333,0.0,0.0,0.0,66.66666666666666,33.33333333333333,0.0,0.0,33.33333333333333,33.33333333333333,33.33333333333333,0.0,0.0,0.0,0.0,66.66666666666666,0.0,33.33333333333333,0.0,66.66666666666666,33.33333333333333,33.33333333333333,0.0,0.0,33.33333333333333,0.0,0.0,0.0,0.0,33.33333333333333,0.0,0.0,0.0,33.33333333333333,33.33333333333333,33.33333333333333,0.0,0.0,0.0,0.0,33.33333333333333,0.0,0.0,33.33333333333333,33.33333333333333,33.33333333333333,0.0,66.66666666666666
Dean - Architecture,College of Architecture Arts and Design,,0.0,0.0,0.0,0.0,0.0,0.0,0.0,0.0,0.0,0.0,0.0,0.0,0.0,0.0,0.0,0.0,0.0,0.0,0.0,0.0,0.0,0.0,0.0,0.0,100.0,100.0,0.0,0.0,0.0,0.0,0.0,100.0,100.0,0.0,0.0,0.0,0.0,0.0,0.0,0.0,0.0,0.0,0.0,0.0,0.0,0.0,0.0,0.0,0.0,0.0,0.0,0.0,0.0,0.0,0.0,0.0,0.0,0.0,0.0,0.0,0.0,0.0,0.0,0.0,0.0,0.0,0.0,0.0,0.0,0.0,0.0,0.0,0.0,0.0,0.0
Dean of Business,College of Business,,33.33333333333333,33.33333333333333,33.33333333333333,66.66666666666666,66.66666666666666,33.33333333333333,0.0,100.0,66.66666666666666,66.66666666666666,33.33333333333333,33.33333333333333,0.0,0.0,66.66666666666666,33.33333333333333,33.33333333333333,33.33333333333333,66.66666666666666,33.33333333333333,0.0,0.0,0.0,33.33333333333333,33.33333333333333,0.0,0.0,0.0,0.0,33.33333333333333,33.33333333333333,33.33333333333333,33.33333333333333,0.0,0.0,0.0,0.0,66.66666666666666,66.66666666666666,33.33333333333333,66.66666666666666,33.33333333333333,33.33333333333333,66.66666666666666,66.66666666666666,33.33333333333333,66.66666666666666,66.66666666666666,33.33333333333333,0.0,0.0,0.0,33.33333333333333,66.66666666666666,33.33333333333333,33.33333333333333,33.33333333333333,33.33333333333333,33.33333333333333,0.0,0.0,33.33333333333333,33.33333333333333,33.33333333333333,33.33333333333333,33.33333333333333,66.66666666666666,33.33333333333333,66.66666666666666,0.0,0.0,0.0,0.0,0.0,0.0
Dean of Libraries,Library,,0.0,0.0,0.0,0.0,0.0,0.0,0.0,0.0,0.0,0.0,0.0,0.0,0.0,0.0,0.0,0.0,0.0,0.0,0.0,0.0,0.0,0.0,0.0,0.0,0.0,0.0,0.0,0.0,0.0,0.0,0.0,0.0,0.0,0.0,0.0,0.0,0.0,0.0,0.0,0.0,0.0,0.0,0.0,0.0,0.0,0.0,0.0,0.0,0.0,0.0,0.0,0.0,0.0,0.0,0.0,0.0,0.0,0.0,0.0,0.0,0.0,0.0,0.0,0.0,0.0,0.0,0.0,0.0,0.0,0.0,0.0,0.0,0.0,0.0,0.0
Dean of Science,College of Science,,0.0,0.0,33.33333333333333,66.66666666666666,66.66666666666666,0.0,0.0,33.33333333333333,0.0,0.0,0.0,0.0,0.0,0.0,0.0,33.33333333333333,33.33333333333333,33.33333333333333,33.33333333333333,0.0,0.0,0.0,0.0,66.66666666666666,0.0,0.0,66.66666666666666,0.0,0.0,33.33333333333333,0.0,33.33333333333333,0.0,33.33333333333333,0.0,33.33333333333333,0.0,0.0,33.33333333333333,0.0,66.66666666666666,0.0,0.0,33.33333333333333,66.66666666666666,0.0,33.33333333333333,0.0,33.33333333333333,0.0,0.0,33.33333333333333,66.66666666666666,33.33333333333333,33.33333333333333,0.0,0.0,33.33333333333333,0.0,0.0,66.66666666666666,33.33333333333333,33.33333333333333,0.0,33.33333333333333,33.33333333333333,0.0,33.33333333333333,0.0,0.0,0.0,0.0,0.0,0.0,0.0
Department of Accounting & Information Systems,College of Business,,50.0,0.0,25.0,0.0,75.0,0.0,0.0,50.0,0.0,75.0,0.0,0.0,0.0,0.0,25.0,25.0,50.0,0.0,75.0,0.0,0.0,50.0,0.0,50.0,50.0,0.0,0.0,25.0,25.0,0.0,25.0,25.0,75.0,0.0,0.0,25.0,0.0,0.0,0.0,0.0,25.0,0.0,0.0,0.0,0.0,0.0,0.0,25.0,0.0,0.0,0.0,0.0,50.0,50.0,0.0,0.0,50.0,25.0,25.0,0.0,25.0,25.0,0.0,0.0,0.0,0.0,0.0,25.0,0.0,0.0,0.0,0.0,25.0,0.0,0.0
Department of Aerospace and Ocean Engineering,College of Engineering,,44.44444444444444,0.0,22.22222222222222,0.0,44.44444444444444,22.22222222222222,11.11111111111111,55.55555555555556,0.0,44.44444444444444,0.0,11.11111111111111,0.0,0.0,33.33333333333333,22.22222222222222,22.22222222222222,22.22222222222222,33.33333333333333,0.0,0.0,66.66666666666666,0.0,33.33333333333333,33.33333333333333,0.0,22.22222222222222,0.0,33.33333333333333,0.0,22.22222222222222,33.33333333333333,0.0,0.0,0.0,22.22222222222222,44.44444444444444,0.0,0.0,0.0,33.33333333333333,0.0,11.11111111111111,0.0,0.0,0.0,22.22222222222222,0.0,33.33333333333333,0.0,44.44444444444444,44.44444444444444,11.11111111111111,22.22222222222222,0.0,44.44444444444444,11.11111111111111,66.66666666666666,0.0,0.0,44.44444444444444,66.66666666666666,0.0,0.0,33.33333333333333,33.33333333333333,11.11111111111111,11.11111111111111,0.0,0.0,66.66666666666666,55.55555555555556,33.33333333333333,44.44444444444444,44.44444444444444
Department of Agricultural Leadership and Community Education,College of Agriculture and Life Sciences,,0.0,0.0,0.0,0.0,0.0,0.0,0.0,0.0,0.0,33.33333333333333,0.0,0.0,0.0,0.0,0.0,0.0,33.33333333333333,33.33333333333333,33.33333333333333,0.0,0.0,33.33333333333333,0.0,0.0,33.33333333333333,0.0,0.0,33.33333333333333,33.33333333333333,0.0,0.0,33.33333333333333,33.33333333333333,0.0,0.0,0.0,0.0,0.0,33.33333333333333,0.0,33.33333333333333,0.0,33.33333333333333,0.0,66.66666666666666,0.0,0.0,0.0,0.0,0.0,33.33333333333333,66.66666666666666,33.33333333333333,0.0,0.0,66.66666666666666,0.0,66.66666666666666,0.0,0.0,100.0,100.0,0.0,0.0,0.0,0.0,0.0,0.0,0.0,0.0,66.66666666666666,0.0,0.0,0.0,0.0
Department of Agricultural and Applied Economics,College of Agriculture and Life Sciences,,16.666666666666664,0.0,16.666666666666664,16.666666666666664,33.33333333333333,16.666666666666664,16.666666666666664,66.66666666666666,16.666666666666664,33.33333333333333,16.666666666666664,16.666666666666664,0.0,16.666666666666664,33.33333333333333,16.666666666666664,50.0,50.0,66.66666666666666,33.33333333333333,0.0,50.0,0.0,16.666666666666664,50.0,16.666666666666664,50.0,50.0,50.0,16.666666666666664,16.666666666666664,16.666666666666664,33.33333333333333,16.666666666666664,0.0,0.0,16.666666666666664,33.33333333333333,16.666666666666664,16.666666666666664,16.666666666666664,16.666666666666664,16.666666666666664,16.666666666666664,16.666666666666664,33.33333333333333,16.666666666666664,16.666666666666664,0.0,0.0,16.666666666666664,0.0,0.0,0.0,0.0,16.666666666666664,33.33333333333333,16.666666666666664,16.666666666666664,0.0,16.666666666666664,33.33333333333333,0.0,0.0,0.0,0.0,0.0,0.0,0.0,0.0,33.33333333333333,33.33333333333333,16.666666666666664,33.33333333333333,33.33333333333333
Department of Animal and Poultry Sciences,College of Agriculture and Life Sciences,,50.0,0.0,0.0,0.0,16.666666666666664,0.0,0.0,50.0,0.0,16.666666666666664,0.0,0.0,0.0,0.0,16.666666666666664,0.0,16.666666666666664,16.666666666666664,33.33333333333333,0.0,0.0,66.66666666666666,0.0,16.666666666666664,16.666666666666664,16.666666666666664,66.66666666666666,0.0,33.33333333333333,0.0,0.0,0.0,0.0,0.0,0.0,50.0,33.33333333333333,0.0,0.0,0.0,0.0,0.0,16.666666666666664,0.0,33.33333333333333,0.0,16.666666666666664,0.0,0.0,0.0,66.66666666666666,66.66666666666666,0.0,16.666666666666664,0.0,0.0,0.0,0.0,0.0,0.0,83.33333333333334,83.33333333333334,0.0,0.0,16.666666666666664,16.666666666666664,16.666666666666664,16.666666666666664,16.666666666666664,0.0,50.0,16.666666666666664,33.33333333333333,16.666666666666664,33.33333333333333
Department of Apparel Housing and Resource Mgmt,College of Liberal Arts and Human Sciences,,0.0,0.0,0.0,25.0,75.0,0.0,0.0,0.0,0.0,0.0,0.0,0.0,0.0,0.0,50.0,25.0,0.0,0.0,25.0,0.0,0.0,100.0,0.0,25.0,0.0,0.0,0.0,0.0,0.0,25.0,0.0,0.0,0.0,0.0,0.0,50.0,0.0,0.0,0.0,0.0,25.0,25.0,25.0,25.0,50.0,0.0,0.0,0.0,0.0,0.0,25.0,50.0,0.0,0.0,0.0,0.0,25.0,25.0,0.0,0.0,50.0,25.0,0.0,0.0,0.0,0.0,25.0,25.0,0.0,0.0,50.0,25.0,0.0,50.0,25.0
Department of Biochemistry,College of Agriculture and Life Sciences,,0.0,0.0,0.0,0.0,33.33333333333333,0.0,0.0,33.33333333333333,0.0,33.33333333333333,0.0,0.0,0.0,0.0,33.33333333333333,33.33333333333333,33.33333333333333,33.33333333333333,33.33333333333333,0.0,0.0,33.33333333333333,0.0,0.0,33.33333333333333,0.0,33.33333333333333,33.33333333333333,33.33333333333333,0.0,0.0,33.33333333333333,0.0,0.0,0.0,66.66666666666666,0.0,0.0,0.0,0.0,0.0,0.0,0.0,0.0,0.0,0.0,0.0,0.0,33.33333333333333,0.0,66.66666666666666,33.33333333333333,0.0,0.0,0.0,0.0,0.0,33.33333333333333,0.0,0.0,66.66666666666666,66.66666666666666,0.0,0.0,0.0,0.0,0.0,0.0,0.0,0.0,100.0,66.66666666666666,66.66666666666666,100.0,100.0
Department of Biological Sciences,College of Science,,0.0,10.0,20.0,0.0,40.0,20.0,10.0,40.0,10.0,40.0,0.0,10.0,0.0,0.0,30.0,40.0,40.0,30.0,40.0,20.0,0.0,44.44444444444444,0.0,11.11111111111111,55.55555555555556,22.22222222222222,55.55555555555556,22.22222222222222,11.11111111111111,0.0,44.44444444444444,44.44444444444444,0.0,11.11111111111111,0.0,11.11111111111111,11.11111111111111,22.22222222222222,0.0,22.22222222222222,11.11111111111111,0.0,33.33333333333333,11.11111111111111,22.22222222222222,0.0,66.66666666666666,0.0,22.22222222222222,0.0,33.33333333333333,33.33333333333333,0.0,22.22222222222222,0.0,44.44444444444444,11.11111111111111,22.22222222222222,0.0,0.0,66.66666666666666,66.66666666666666,0.0,0.0,11.11111111111111,33.33333333333333,0.0,22.22222222222222,0.0,0.0,44.44444444444444,22.22222222222222,11.11111111111111,33.33333333333333,33.33333333333333
Department of Biological Systems Engineering,College of Engineering,,28.57142857142857,0.0,14.285714285714285,0.0,71.42857142857143,28.57142857142857,0.0,42.857142857142854,0.0,42.857142857142854,0.0,14.285714285714285,0.0,0.0,42.857142857142854,28.57142857142857,14.285714285714285,14.285714285714285,28.57142857142857,14.285714285714285,0.0,42.857142857142854,0.0,0.0,28.57142857142857,0.0,28.57142857142857,28.57142857142857,28.57142857142857,14.285714285714285,14.285714285714285,28.57142857142857,0.0,14.285714285714285,0.0,33.33333333333333,50.0,16.666666666666664,0.0,0.0,0.0,0.0,33.33333333333333,0.0,66.66666666666666,0.0,33.33333333333333,0.0,33.33333333333333,0.0,0.0,16.666666666666664,0.0,0.0,0.0,50.0,16.666666666666664,50.0,0.0,0.0,20.0,20.0,40.0,20.0,80.0,40.0,60.0,20.0,40.0,0.0,20.0,20.0,20.0,40.0,40.0
Department of Biomedical Engineering & Mechanics,College of Engineering,,66.66666666666666,0.0,16.666666666666664,0.0,83.33333333333334,16.666666666666664,16.666666666666664,66.66666666666666,0.0,83.33333333333334,0.0,0.0,0.0,33.33333333333333,50.0,33.33333333333333,50.0,33.33333333333333,33.33333333333333,33.33333333333333,0.0,50.0,0.0,50.0,50.0,16.666666666666664,16.666666666666664,0.0,33.33333333333333,0.0,16.666666666666664,16.666666666666664,66.66666666666666,0.0,0.0,33.33333333333333,16.666666666666664,16.666666666666664,16.666666666666664,16.666666666666664,16.666666666666664,33.33333333333333,66.66666666666666,50.0,0.0,0.0,33.33333333333333,0.0,0.0,0.0,16.666666666666664,50.0,33.33333333333333,33.33333333333333,0.0,50.0,16.666666666666664,50.0,16.666666666666664,0.0,100.0,100.0,0.0,0.0,0.0,16.666666666666664,0.0,16.666666666666664,0.0,0.0,66.66666666666666,0.0,16.666666666666664,33.33333333333333,33.33333333333333
Department of Biomedical Sciences and Pathobiology,College of Veterinary Medicine,,8.333333333333332,25.0,16.666666666666664,8.333333333333332,25.0,0.0,16.666666666666664,25.0,0.0,25.0,16.666666666666664,8.333333333333332,0.0,16.666666666666664,41.66666666666667,25.0,16.666666666666664,25.0,41.66666666666667,25.0,0.0,25.0,8.333333333333332,25.0,41.66666666666667,25.0,66.66666666666666,25.0,16.666666666666664,33.33333333333333,8.333333333333332,25.0,41.66666666666667,8.333333333333332,0.0,58.333333333333336,50.0,8.333333333333332,8.333333333333332,8.333333333333332,8.333333333333332,8.333333333333332,8.333333333333332,8.333333333333332,41.66666666666667,8.333333333333332,16.666666666666664,16.666666666666664,33.33333333333333,0.0,41.66666666666667,50.0,16.666666666666664,25.0,8.333333333333332,16.666666666666664,8.333333333333332,33.33333333333333,8.333333333333332,0.0,50.0,58.333333333333336,8.333333333333332,8.333333333333332,8.333333333333332,25.0,8.333333333333332,33.33333333333333,8.333333333333332,0.0,58.333333333333336,41.66666666666667,66.66666666666666,50.0,58.333333333333336
Department of Business Information Technology,College of Business,,0.0,0.0,0.0,0.0,0.0,16.666666666666664,16.666666666666664,16.666666666666664,0.0,33.33333333333333,0.0,0.0,0.0,16.666666666666664,16.666666666666664,16.666666666666664,0.0,0.0,33.33333333333333,0.0,0.0,83.33333333333334,0.0,0.0,33.33333333333333,16.666666666666664,33.33333333333333,33.33333333333333,50.0,16.666666666666664,16.666666666666664,50.0,0.0,0.0,0.0,16.666666666666664,50.0,0.0,0.0,0.0,16.666666666666664,0.0,0.0,0.0,16.666666666666664,0.0,16.666666666666664,33.33333333333333,0.0,0.0,66.66666666666666,83.33333333333334,0.0,0.0,0.0,0.0,0.0,0.0,0.0,0.0,83.33333333333334,66.66666666666666,0.0,0.0,0.0,0.0,0.0,0.0,0.0,0.0,83.33333333333334,33.33333333333333,50.0,83.33333333333334,66.66666666666666
Department of Chemical Engineering,College of Engineering,,16.666666666666664,0.0,16.666666666666664,0.0,0.0,0.0,0.0,16.666666666666664,0.0,16.666666666666664,0.0,0.0,0.0,0.0,40.0,20.0,40.0,40.0,40.0,0.0,0.0,40.0,0.0,20.0,20.0,20.0,20.0,0.0,20.0,20.0,0.0,40.0,0.0,0.0,0.0,20.0,0.0,0.0,0.0,0.0,0.0,0.0,0.0,0.0,20.0,0.0,0.0,0.0,20.0,0.0,50.0,75.0,0.0,0.0,0.0,0.0,0.0,0.0,25.0,0.0,50.0,25.0,0.0,0.0,0.0,0.0,25.0,25.0,0.0,0.0,50.0,50.0,50.0,50.0,50.0
Department of Chemistry,College of Science,,16.666666666666664,16.666666666666664,33.33333333333333,0.0,50.0,50.0,16.666666666666664,83.33333333333334,33.33333333333333,50.0,33.33333333333333,16.666666666666664,0.0,16.666666666666664,16.666666666666664,16.666666666666664,16.666666666666664,16.666666666666664,16.666666666666664,0.0,0.0,50.0,0.0,33.33333333333333,16.666666666666664,0.0,16.666666666666664,16.666666666666664,33.33333333333333,16.666666666666664,0.0,16.666666666666664,33.33333333333333,0.0,0.0,16.666666666666664,33.33333333333333,33.33333333333333,33.33333333333333,16.666666666666664,33.33333333333333,0.0,33.33333333333333,33.33333333333333,16.666666666666664,0.0,50.0,16.666666666666664,16.666666666666664,0.0,20.0,40.0,20.0,20.0,20.0,40.0,20.0,20.0,20.0,0.0,60.0,40.0,0.0,0.0,0.0,20.0,0.0,20.0,0.0,0.0,40.0,60.0,40.0,60.0,40.0
Department of Civil & Environmental Engineering,College of Engineering,,33.33333333333333,8.333333333333332,8.333333333333332,0.0,58.333333333333336,0.0,0.0,58.333333333333336,16.666666666666664,41.66666666666667,0.0,8.333333333333332,0.0,8.333333333333332,33.33333333333333,8.333333333333332,16.666666666666664,25.0,66.66666666666666,0.0,0.0,16.666666666666664,0.0,16.666666666666664,33.33333333333333,16.666666666666664,50.0,8.333333333333332,0.0,8.333333333333332,16.666666666666664,50.0,25.0,8.333333333333332,0.0,16.666666666666664,58.333333333333336,33.33333333333333,8.333333333333332,33.33333333333333,41.66666666666667,8.333333333333332,8.333333333333332,16.666666666666664,16.666666666666664,16.666666666666664,33.33333333333333,0.0,41.66666666666667,0.0,25.0,33.33333333333333,0.0,8.333333333333332,0.0,50.0,8.333333333333332,33.33333333333333,8.333333333333332,0.0,41.66666666666667,50.0,8.333333333333332,0.0,25.0,25.0,8.333333333333332,33.33333333333333,0.0,0.0,25.0,25.0,33.33333333333333,33.33333333333333,41.66666666666667
Department of Computer Science,College of Engineering,,25.0,0.0,12.5,0.0,25.0,12.5,12.5,37.5,37.5,37.5,0.0,12.5,0.0,0.0,37.5,37.5,12.5,0.0,50.0,25.0,0.0,37.5,0.0,12.5,37.5,50.0,75.0,37.5,50.0,12.5,12.5,37.5,25.0,0.0,0.0,0.0,25.0,0.0,0.0,12.5,25.0,0.0,25.0,0.0,0.0,0.0,25.0,12.5,12.5,0.0,25.0,25.0,12.5,25.0,12.5,50.0,12.5,37.5,12.5,0.0,50.0,62.5,12.5,0.0,12.5,0.0,0.0,0.0,0.0,0.0,62.5,37.5,50.0,37.5,37.5
Department of Economics,College of Science,,20.0,0.0,20.0,0.0,40.0,20.0,60.0,40.0,0.0,60.0,0.0,0.0,0.0,20.0,20.0,20.0,20.0,40.0,40.0,20.0,0.0,20.0,0.0,40.0,60.0,20.0,40.0,20.0,20.0,20.0,0.0,60.0,20.0,20.0,0.0,40.0,40.0,20.0,40.0,0.0,40.0,0.0,0.0,0.0,40.0,0.0,60.0,40.0,0.0,0.0,20.0,20.0,20.0,20.0,0.0,20.0,0.0,40.0,20.0,0.0,40.0,40.0,0.0,0.0,0.0,20.0,0.0,20.0,20.0,0.0,20.0,20.0,0.0,20.0,20.0
Department of Electrical and Computer Engineering,College of Engineering,,53.84615384615385,7.6923076923076925,30.76923076923077,15.384615384615385,46.15384615384615,30.76923076923077,15.384615384615385,30.76923076923077,30.76923076923077,30.76923076923077,23.076923076923077,23.076923076923077,0.0,0.0,53.84615384615385,30.76923076923077,7.6923076923076925,15.384615384615385,53.84615384615385,15.384615384615385,0.0,23.076923076923077,0.0,15.384615384615385,38.46153846153847,7.6923076923076925,30.76923076923077,7.6923076923076925,23.076923076923077,7.6923076923076925,23.076923076923077,23.076923076923077,30.76923076923077,0.0,0.0,25.0,33.33333333333333,16.666666666666664,0.0,16.666666666666664,0.0,0.0,25.0,8.333333333333332,16.666666666666664,8.333333333333332,16.666666666666664,0.0,16.666666666666664,0.0,50.0,16.666666666666664,16.666666666666664,0.0,0.0,25.0,8.333333333333332,25.0,0.0,0.0,41.66666666666667,58.333333333333336,8.333333333333332,0.0,41.66666666666667,8.333333333333332,8.333333333333332,33.33333333333333,8.333333333333332,0.0,58.333333333333336,8.333333333333332,33.33333333333333,41.66666666666667,50.0
Department of Engineering Education,College of Engineering,,16.666666666666664,16.666666666666664,16.666666666666664,0.0,66.66666666666666,16.666666666666664,16.666666666666664,16.666666666666664,0.0,33.33333333333333,0.0,50.0,0.0,16.666666666666664,66.66666666666666,33.33333333333333,33.33333333333333,66.66666666666666,66.66666666666666,16.666666666666664,0.0,16.666666666666664,0.0,16.666666666666664,16.666666666666664,16.666666666666664,33.33333333333333,0.0,16.666666666666664,0.0,16.666666666666664,16.666666666666664,33.33333333333333,0.0,0.0,33.33333333333333,0.0,16.666666666666664,0.0,0.0,16.666666666666664,0.0,16.666666666666664,16.666666666666664,16.666666666666664,0.0,16.666666666666664,0.0,16.666666666666664,0.0,16.666666666666664,66.66666666666666,16.666666666666664,16.666666666666664,0.0,33.33333333333333,16.666666666666664,0.0,33.33333333333333,0.0,66.66666666666666,66.66666666666666,0.0,0.0,0.0,16.666666666666664,0.0,33.33333333333333,0.0,0.0,83.33333333333334,33.33333333333333,33.33333333333333,16.666666666666664,33.33333333333333
Department of English,College of Liberal Arts and Human Sciences,,5.555555555555555,11.11111111111111,5.555555555555555,5.555555555555555,55.55555555555556,0.0,27.77777777777778,5.555555555555555,0.0,66.66666666666666,16.666666666666664,5.555555555555555,0.0,5.555555555555555,27.77777777777778,33.33333333333333,66.66666666666666,33.33333333333333,38.88888888888889,16.666666666666664,0.0,33.33333333333333,0.0,27.77777777777778,38.88888888888889,16.666666666666664,66.66666666666666,0.0,22.22222222222222,11.11111111111111,16.666666666666664,44.44444444444444,38.88888888888889,5.555555555555555,0.0,22.22222222222222,0.0,22.22222222222222,33.33333333333333,27.77777777777778,16.666666666666664,11.11111111111111,33.33333333333333,44.44444444444444,33.33333333333333,0.0,33.33333333333333,44.44444444444444,0.0,0.0,5.555555555555555,22.22222222222222,44.44444444444444,16.666666666666664,16.666666666666664,44.44444444444444,11.11111111111111,16.666666666666664,27.77777777777778,0.0,50.0,50.0,0.0,0.0,0.0,22.22222222222222,16.666666666666664,38.88888888888889,0.0,0.0,44.44444444444444,11.11111111111111,11.11111111111111,22.22222222222222,38.88888888888889
Department of Entomology,College of Agriculture and Life Sciences,,25.0,0.0,0.0,0.0,25.0,0.0,50.0,25.0,25.0,50.0,0.0,0.0,0.0,0.0,50.0,25.0,25.0,0.0,50.0,25.0,0.0,75.0,0.0,0.0,25.0,0.0,75.0,25.0,0.0,50.0,0.0,25.0,50.0,25.0,0.0,25.0,25.0,0.0,0.0,0.0,25.0,0.0,0.0,0.0,25.0,0.0,25.0,0.0,25.0,0.0,25.0,75.0,0.0,25.0,0.0,0.0,25.0,75.0,25.0,0.0,25.0,50.0,0.0,0.0,0.0,25.0,0.0,50.0,0.0,0.0,25.0,25.0,50.0,25.0,25.0
Department of Equine Medical Center,College of Veterinary Medicine,,0.0,0.0,0.0,0.0,0.0,0.0,0.0,0.0,0.0,0.0,0.0,0.0,0.0,0.0,0.0,0.0,0.0,0.0,0.0,0.0,0.0,50.0,0.0,0.0,50.0,0.0,0.0,0.0,0.0,0.0,0.0,0.0,0.0,0.0,0.0,50.0,0.0,0.0,0.0,0.0,0.0,0.0,0.0,0.0,0.0,0.0,0.0,0.0,0.0,0.0,100.0,50.0,0.0,0.0,0.0,0.0,0.0,0.0,0.0,0.0,100.0,100.0,0.0,0.0,0.0,0.0,0.0,0.0,0.0,0.0,0.0,0.0,50.0,50.0,100.0
Department of Finance Insurance & Business Law,College of Business,,0.0,0.0,16.666666666666664,0.0,66.66666666666666,16.666666666666664,33.33333333333333,33.33333333333333,16.666666666666664,50.0,16.666666666666664,16.666666666666664,0.0,0.0,66.66666666666666,83.33333333333334,66.66666666666666,66.66666666666666,66.66666666666666,50.0,0.0,33.33333333333333,16.666666666666664,16.666666666666664,50.0,33.33333333333333,50.0,33.33333333333333,50.0,16.666666666666664,50.0,66.66666666666666,33.33333333333333,50.0,0.0,33.33333333333333,16.666666666666664,16.666666666666664,0.0,0.0,16.666666666666664,16.666666666666664,16.666666666666664,16.666666666666664,16.666666666666664,16.666666666666664,33.33333333333333,33.33333333333333,0.0,0.0,50.0,50.0,0.0,0.0,0.0,16.666666666666664,16.666666666666664,33.33333333333333,0.0,0.0,40.0,40.0,0.0,0.0,20.0,0.0,20.0,0.0,20.0,0.0,40.0,20.0,60.0,40.0,40.0
Department of Food Science and Technology,College of Agriculture and Life Sciences,,0.0,0.0,0.0,0.0,0.0,0.0,0.0,0.0,0.0,20.0,0.0,20.0,0.0,0.0,0.0,20.0,0.0,0.0,20.0,0.0,0.0,100.0,0.0,0.0,60.0,0.0,0.0,20.0,0.0,20.0,0.0,0.0,40.0,0.0,0.0,20.0,40.0,20.0,0.0,20.0,0.0,0.0,0.0,0.0,40.0,0.0,40.0,0.0,20.0,0.0,60.0,60.0,0.0,0.0,0.0,20.0,0.0,20.0,0.0,0.0,60.0,80.0,40.0,0.0,0.0,0.0,0.0,0.0,0.0,0.0,60.0,0.0,40.0,100.0,100.0
Department of Geosciences,College of Science,,22.22222222222222,11.11111111111111,22.22222222222222,0.0,44.44444444444444,0.0,0.0,22.22222222222222,0.0,55.55555555555556,11.11111111111111,22.22222222222222,0.0,0.0,25.0,12.5,12.5,0.0,50.0,0.0,0.0,37.5,0.0,12.5,12.5,25.0,50.0,12.5,0.0,37.5,12.5,75.0,12.5,12.5,0.0,12.5,25.0,0.0,0.0,0.0,12.5,0.0,0.0,25.0,12.5,0.0,12.5,0.0,37.5,0.0,50.0,50.0,12.5,12.5,12.5,25.0,12.5,12.5,0.0,0.0,50.0,75.0,0.0,0.0,50.0,12.5,0.0,12.5,0.0,0.0,62.5,37.5,12.5,37.5,50.0
Department of History,College of Liberal Arts and Human Sciences,,33.33333333333333,16.666666666666664,0.0,16.666666666666664,33.33333333333333,50.0,100.0,50.0,0.0,83.33333333333334,0.0,0.0,0.0,0.0,16.666666666666664,66.66666666666666,83.33333333333334,83.33333333333334,83.33333333333334,33.33333333333333,0.0,20.0,0.0,40.0,60.0,0.0,20.0,0.0,0.0,0.0,0.0,40.0,0.0,0.0,0.0,0.0,0.0,80.0,20.0,60.0,20.0,20.0,80.0,20.0,20.0,0.0,0.0,0.0,0.0,0.0,40.0,40.0,20.0,20.0,0.0,20.0,0.0,0.0,0.0,0.0,20.0,20.0,0.0,20.0,20.0,40.0,20.0,60.0,20.0,0.0,60.0,60.0,60.0,60.0,20.0
Department of Human Development and Family Science,College of Liberal Arts and Human Sciences,,0.0,20.0,0.0,0.0,20.0,0.0,0.0,0.0,0.0,0.0,0.0,20.0,0.0,20.0,0.0,0.0,20.0,0.0,40.0,0.0,0.0,40.0,0.0,0.0,0.0,0.0,40.0,0.0,20.0,0.0,0.0,0.0,20.0,0.0,0.0,40.0,20.0,0.0,20.0,0.0,0.0,0.0,0.0,0.0,20.0,0.0,20.0,0.0,0.0,0.0,60.0,60.0,20.0,20.0,0.0,0.0,20.0,0.0,20.0,0.0,75.0,75.0,0.0,0.0,0.0,0.0,0.0,0.0,0.0,0.0,75.0,50.0,50.0,75.0,75.0
Department of Human Nutrition Foods and Exercise,College of Agriculture and Life Sciences,,0.0,0.0,0.0,0.0,33.33333333333333,16.666666666666664,33.33333333333333,0.0,0.0,50.0,0.0,0.0,0.0,0.0,16.666666666666664,33.33333333333333,33.33333333333333,0.0,50.0,0.0,0.0,33.33333333333333,0.0,33.33333333333333,16.666666666666664,16.666666666666664,16.666666666666664,0.0,0.0,0.0,16.666666666666664,33.33333333333333,33.33333333333333,16.666666666666664,0.0,50.0,16.666666666666664,16.666666666666664,0.0,0.0,0.0,0.0,33.33333333333333,16.666666666666664,33.33333333333333,0.0,50.0,33.33333333333333,0.0,0.0,33.33333333333333,50.0,16.666666666666664,0.0,16.666666666666664,33.33333333333333,0.0,50.0,0.0,0.0,50.0,66.66666666666666,0.0,0.0,0.0,0.0,0.0,16.666666666666664,0.0,0.0,66.66666666666666,33.33333333333333,0.0,16.666666666666664,16.666666666666664
Department of Industrial and Systems Engineering,College of Engineering,,12.5,12.5,12.5,0.0,50.0,12.5,0.0,12.5,0.0,50.0,0.0,25.0,0.0,0.0,42.857142857142854,28.57142857142857,14.285714285714285,28.57142857142857,57.14285714285714,14.285714285714285,0.0,71.42857142857143,14.285714285714285,28.57142857142857,28.57142857142857,14.285714285714285,42.857142857142854,28.57142857142857,28.57142857142857,0.0,28.57142857142857,14.285714285714285,28.57142857142857,14.285714285714285,0.0,28.57142857142857,28.57142857142857,14.285714285714285,14.285714285714285,28.57142857142857,28.57142857142857,14.285714285714285,14.285714285714285,14.285714285714285,28.57142857142857,14.285714285714285,42.857142857142854,28.57142857142857,14.285714285714285,0.0,14.285714285714285,28.57142857142857,28.57142857142857,0.0,0.0,14.285714285714285,28.57142857142857,42.857142857142854,14.285714285714285,0.0,42.857142857142854,42.857142857142854,0.0,0.0,0.0,14.285714285714285,0.0,42.857142857142854,28.57142857142857,0.0,42.857142857142854,0.0,14.285714285714285,14.285714285714285,28.57142857142857
Department of Large Animal Clinical Sciences,College of Veterinary Medicine,,28.57142857142857,0.0,0.0,0.0,0.0,14.285714285714285,14.285714285714285,57.14285714285714,0.0,14.285714285714285,0.0,28.57142857142857,0.0,0.0,28.57142857142857,28.57142857142857,14.285714285714285,14.285714285714285,57.14285714285714,0.0,0.0,71.42857142857143,0.0,14.285714285714285,28.57142857142857,14.285714285714285,28.57142857142857,0.0,14.285714285714285,14.285714285714285,14.285714285714285,0.0,14.285714285714285,0.0,0.0,42.857142857142854,28.57142857142857,14.285714285714285,0.0,14.285714285714285,14.285714285714285,0.0,0.0,0.0,28.57142857142857,0.0,0.0,0.0,14.285714285714285,0.0,0.0,57.14285714285714,0.0,14.285714285714285,0.0,28.57142857142857,0.0,28.57142857142857,0.0,0.0,85.71428571428571,85.71428571428571,0.0,0.0,14.285714285714285,0.0,14.285714285714285,28.57142857142857,0.0,0.0,71.42857142857143,28.57142857142857,42.857142857142854,57.14285714285714,85.71428571428571
Department of Management,College of Business,,0.0,25.0,25.0,0.0,62.5,25.0,37.5,37.5,12.5,37.5,0.0,0.0,0.0,12.5,50.0,37.5,50.0,62.5,62.5,25.0,0.0,42.857142857142854,0.0,28.57142857142857,14.285714285714285,0.0,28.57142857142857,0.0,14.285714285714285,0.0,0.0,71.42857142857143,14.285714285714285,0.0,0.0,57.14285714285714,14.285714285714285,0.0,0.0,14.285714285714285,42.857142857142854,14.285714285714285,14.285714285714285,14.285714285714285,14.285714285714285,28.57142857142857,14.285714285714285,71.42857142857143,0.0,0.0,71.42857142857143,85.71428571428571,0.0,28.57142857142857,0.0,14.285714285714285,14.285714285714285,42.857142857142854,14.285714285714285,0.0,57.14285714285714,57.14285714285714,0.0,0.0,14.285714285714285,14.285714285714285,28.57142857142857,42.857142857142854,0.0,0.0,42.857142857142854,28.57142857142857,28.57142857142857,28.57142857142857,42.857142857142854
Department of Marketing,College of Business,,0.0,66.66666666666666,0.0,0.0,100.0,0.0,66.66666666666666,33.33333333333333,0.0,0.0,0.0,0.0,0.0,50.0,100.0,100.0,50.0,50.0,100.0,100.0,0.0,50.0,0.0,0.0,50.0,100.0,50.0,50.0,100.0,0.0,0.0,50.0,50.0,0.0,0.0,0.0,0.0,0.0,50.0,0.0,50.0,0.0,0.0,50.0,50.0,0.0,0.0,50.0,0.0,0.0,0.0,50.0,0.0,50.0,0.0,50.0,0.0,50.0,0.0,0.0,50.0,50.0,0.0,0.0,0.0,50.0,0.0,50.0,50.0,0.0,100.0,0.0,0.0,50.0,0.0
Department of Materials Science & Engineering,College of Engineering,,20.0,20.0,20.0,0.0,0.0,40.0,0.0,20.0,0.0,20.0,0.0,0.0,0.0,0.0,20.0,20.0,40.0,20.0,40.0,20.0,0.0,80.0,0.0,20.0,40.0,0.0,20.0,0.0,0.0,0.0,20.0,20.0,0.0,0.0,0.0,60.0,0.0,20.0,0.0,0.0,20.0,0.0,20.0,0.0,20.0,0.0,0.0,0.0,20.0,0.0,80.0,80.0,20.0,0.0,20.0,20.0,0.0,20.0,0.0,0.0,40.0,40.0,0.0,0.0,0.0,0.0,0.0,0.0,20.0,0.0,60.0,40.0,60.0,80.0,80.0
Department of Mathematics,College of Science,,14.285714285714285,28.57142857142857,28.57142857142857,0.0,57.14285714285714,14.285714285714285,0.0,42.857142857142854,28.57142857142857,42.857142857142854,0.0,14.285714285714285,0.0,0.0,14.285714285714285,42.857142857142854,28.57142857142857,14.285714285714285,57.14285714285714,28.57142857142857,0.0,57.14285714285714,0.0,28.57142857142857,28.57142857142857,14.285714285714285,57.14285714285714,0.0,14.285714285714285,0.0,14.285714285714285,71.42857142857143,0.0,0.0,0.0,42.857142857142854,28.57142857142857,14.285714285714285,0.0,14.285714285714285,57.14285714285714,0.0,28.57142857142857,0.0,42.857142857142854,0.0,28.57142857142857,0.0,28.57142857142857,0.0,71.42857142857143,42.857142857142854,57.14285714285714,14.285714285714285,0.0,28.57142857142857,14.285714285714285,28.57142857142857,0.0,0.0,85.71428571428571,100.0,0.0,0.0,0.0,0.0,14.285714285714285,0.0,0.0,0.0,100.0,42.857142857142854,28.57142857142857,71.42857142857143,100.0
Department of Mechanical Engineering,College of Engineering,,0.0,20.0,10.0,30.0,50.0,20.0,30.0,60.0,30.0,60.0,20.0,30.0,0.0,0.0,33.33333333333333,22.22222222222222,22.22222222222222,22.22222222222222,44.44444444444444,11.11111111111111,0.0,0.0,0.0,22.22222222222222,44.44444444444444,0.0,33.33333333333333,11.11111111111111,11.11111111111111,0.0,0.0,22.22222222222222,22.22222222222222,0.0,0.0,0.0,22.22222222222222,11.11111111111111,0.0,0.0,55.55555555555556,0.0,11.11111111111111,0.0,11.11111111111111,11.11111111111111,11.11111111111111,0.0,11.11111111111111,0.0,11.11111111111111,22.22222222222222,44.44444444444444,11.11111111111111,11.11111111111111,55.55555555555556,0.0,33.33333333333333,11.11111111111111,0.0,37.5,50.0,25.0,0.0,25.0,0.0,12.5,25.0,0.0,0.0,50.0,12.5,12.5,25.0,37.5
Department of Mining and Minerals Engineering,College of Engineering,,0.0,0.0,50.0,0.0,0.0,0.0,0.0,0.0,0.0,0.0,0.0,0.0,0.0,0.0,0.0,0.0,0.0,0.0,0.0,0.0,0.0,100.0,0.0,50.0,0.0,50.0,0.0,0.0,100.0,0.0,0.0,50.0,50.0,0.0,0.0,0.0,0.0,0.0,0.0,0.0,0.0,50.0,0.0,0.0,50.0,0.0,50.0,0.0,0.0,0.0,0.0,0.0,0.0,0.0,0.0,0.0,0.0,0.0,0.0,0.0,50.0,50.0,0.0,0.0,0.0,0.0,0.0,0.0,0.0,0.0,50.0,0.0,50.0,50.0,0.0
Department of Modern and Classical Languages and Literature,College of Liberal Arts and Human Sciences,,9.090909090909092,18.181818181818183,36.36363636363637,27.27272727272727,63.63636363636363,0.0,63.63636363636363,9.090909090909092,18.181818181818183,63.63636363636363,9.090909090909092,9.090909090909092,0.0,9.090909090909092,54.54545454545454,9.090909090909092,9.090909090909092,18.181818181818183,63.63636363636363,18.181818181818183,0.0,18.181818181818183,0.0,36.36363636363637,54.54545454545454,9.090909090909092,54.54545454545454,9.090909090909092,27.27272727272727,27.27272727272727,9.090909090909092,45.45454545454545,36.36363636363637,0.0,0.0,0.0,0.0,9.090909090909092,18.181818181818183,72.72727272727273,0.0,9.090909090909092,27.27272727272727,36.36363636363637,45.45454545454545,0.0,9.090909090909092,18.181818181818183,18.181818181818183,0.0,9.090909090909092,9.090909090909092,18.181818181818183,27.27272727272727,9.090909090909092,54.54545454545454,27.27272727272727,45.45454545454545,45.45454545454545,0.0,40.0,50.0,0.0,0.0,0.0,40.0,0.0,10.0,0.0,0.0,50.0,40.0,20.0,40.0,40.0
Department of Philosophy,College of Liberal Arts and Human Sciences,,0.0,0.0,0.0,0.0,66.66666666666666,33.33333333333333,33.33333333333333,66.66666666666666,0.0,100.0,0.0,0.0,0.0,0.0,66.66666666666666,66.66666666666666,33.33333333333333,66.66666666666666,66.66666666666666,33.33333333333333,0.0,33.33333333333333,0.0,33.33333333333333,33.33333333333333,66.66666666666666,100.0,0.0,0.0,0.0,0.0,66.66666666666666,66.66666666666666,0.0,0.0,0.0,0.0,33.33333333333333,0.0,66.66666666666666,0.0,0.0,66.66666666666666,66.66666666666666,33.33333333333333,0.0,66.66666666666666,0.0,66.66666666666666,0.0,0.0,33.33333333333333,66.66666666666666,0.0,33.33333333333333,33.33333333333333,0.0,33.33333333333333,0.0,0.0,33.33333333333333,33.33333333333333,0.0,0.0,0.0,33.33333333333333,0.0,33.33333333333333,0.0,0.0,66.66666666666666,0.0,33.33333333333333,0.0,33.33333333333333
Department of Physics,College of Science,,33.33333333333333,33.33333333333333,66.66666666666666,33.33333333333333,33.33333333333333,50.0,16.666666666666664,33.33333333333333,0.0,33.33333333333333,0.0,0.0,0.0,0.0,66.66666666666666,50.0,33.33333333333333,50.0,83.33333333333334,16.666666666666664,0.0,33.33333333333333,0.0,50.0,83.33333333333334,16.666666666666664,16.666666666666664,50.0,50.0,0.0,33.33333333333333,83.33333333333334,66.66666666666666,0.0,0.0,16.666666666666664,33.33333333333333,16.666666666666664,0.0,33.33333333333333,16.666666666666664,0.0,33.33333333333333,16.666666666666664,0.0,0.0,16.666666666666664,0.0,66.66666666666666,0.0,0.0,33.33333333333333,33.33333333333333,33.33333333333333,0.0,50.0,0.0,33.33333333333333,0.0,0.0,33.33333333333333,33.33333333333333,33.33333333333333,0.0,33.33333333333333,16.666666666666664,0.0,0.0,16.666666666666664,0.0,50.0,33.33333333333333,33.33333333333333,50.0,83.33333333333334
Department of Political Science,College of Liberal Arts and Human Sciences,,14.285714285714285,14.285714285714285,28.57142857142857,0.0,28.57142857142857,14.285714285714285,28.57142857142857,42.857142857142854,0.0,42.857142857142854,0.0,0.0,0.0,0.0,42.857142857142854,28.57142857142857,28.57142857142857,14.285714285714285,28.57142857142857,0.0,0.0,57.14285714285714,0.0,0.0,57.14285714285714,14.285714285714285,42.857142857142854,0.0,0.0,0.0,14.285714285714285,14.285714285714285,28.57142857142857,14.285714285714285,0.0,28.57142857142857,14.285714285714285,14.285714285714285,0.0,14.285714285714285,0.0,0.0,14.285714285714285,28.57142857142857,0.0,0.0,28.57142857142857,14.285714285714285,28.57142857142857,0.0,28.57142857142857,28.57142857142857,0.0,0.0,14.285714285714285,14.285714285714285,14.285714285714285,0.0,28.57142857142857,0.0,0.0,42.857142857142854,0.0,0.0,0.0,14.285714285714285,14.285714285714285,14.285714285714285,0.0,0.0,14.285714285714285,0.0,14.285714285714285,14.285714285714285,14.285714285714285
Department of Population Health Sciences,College of Veterinary Medicine,,0.0,0.0,0.0,0.0,0.0,0.0,50.0,0.0,0.0,50.0,0.0,0.0,0.0,0.0,50.0,0.0,0.0,50.0,50.0,50.0,0.0,50.0,0.0,0.0,100.0,50.0,50.0,50.0,50.0,50.0,0.0,100.0,100.0,0.0,0.0,0.0,50.0,0.0,0.0,0.0,0.0,0.0,50.0,0.0,0.0,0.0,50.0,0.0,50.0,0.0,0.0,50.0,50.0,0.0,0.0,0.0,0.0,50.0,0.0,0.0,100.0,100.0,0.0,0.0,0.0,0.0,0.0,50.0,0.0,0.0,0.0,0.0,50.0,50.0,50.0
Department of Psychology,College of Science,,0.0,0.0,33.33333333333333,0.0,33.33333333333333,0.0,0.0,66.66666666666666,0.0,0.0,0.0,0.0,0.0,0.0,0.0,66.66666666666666,33.33333333333333,0.0,0.0,0.0,0.0,0.0,0.0,33.33333333333333,33.33333333333333,33.33333333333333,33.33333333333333,0.0,0.0,0.0,33.33333333333333,0.0,0.0,0.0,0.0,33.33333333333333,66.66666666666666,0.0,0.0,0.0,0.0,0.0,66.66666666666666,0.0,33.33333333333333,0.0,33.33333333333333,0.0,33.33333333333333,0.0,33.33333333333333,66.66666666666666,66.66666666666666,33.33333333333333,0.0,33.33333333333333,0.0,0.0,0.0,0.0,100.0,66.66666666666666,0.0,0.0,0.0,0.0,0.0,0.0,0.0,0.0,33.33333333333333,0.0,0.0,100.0,100.0
Department of Religion and Culture,College of Liberal Arts and Human Sciences,,33.33333333333333,0.0,0.0,0.0,33.33333333333333,0.0,33.33333333333333,33.33333333333333,0.0,33.33333333333333,0.0,0.0,0.0,33.33333333333333,33.33333333333333,33.33333333333333,33.33333333333333,33.33333333333333,66.66666666666666,0.0,0.0,100.0,0.0,33.33333333333333,0.0,0.0,33.33333333333333,0.0,0.0,33.33333333333333,0.0,0.0,66.66666666666666,0.0,0.0,0.0,0.0,33.33333333333333,0.0,33.33333333333333,0.0,0.0,0.0,0.0,66.66666666666666,0.0,0.0,0.0,33.33333333333333,0.0,33.33333333333333,66.66666666666666,0.0,0.0,0.0,0.0,0.0,33.33333333333333,66.66666666666666,0.0,66.66666666666666,100.0,0.0,0.0,0.0,0.0,0.0,33.33333333333333,0.0,0.0,33.33333333333333,33.33333333333333,0.0,33.33333333333333,66.66666666666666
Department of School of Neuroscience,College of Science,,0.0,100.0,0.0,0.0,0.0,0.0,100.0,0.0,0.0,100.0,0.0,0.0,0.0,0.0,100.0,100.0,100.0,100.0,100.0,100.0,0.0,0.0,0.0,0.0,0.0,0.0,0.0,0.0,0.0,0.0,0.0,0.0,100.0,100.0,0.0,0.0,100.0,100.0,0.0,0.0,0.0,0.0,0.0,0.0,0.0,0.0,0.0,0.0,0.0,0.0,0.0,0.0,0.0,0.0,0.0,0.0,0.0,0.0,0.0,0.0,0.0,0.0,0.0,0.0,0.0,0.0,0.0,0.0,0.0,0.0,0.0,0.0,0.0,0.0,0.0
Department of ScienceTechnology and Society,College of Liberal Arts and Human Sciences,,0.0,33.33333333333333,0.0,0.0,100.0,0.0,33.33333333333333,33.33333333333333,0.0,33.33333333333333,33.33333333333333,0.0,0.0,0.0,66.66666666666666,33.33333333333333,33.33333333333333,33.33333333333333,100.0,33.33333333333333,0.0,66.66666666666666,0.0,33.33333333333333,0.0,0.0,100.0,66.66666666666666,0.0,33.33333333333333,0.0,66.66666666666666,66.66666666666666,33.33333333333333,0.0,33.33333333333333,0.0,66.66666666666666,0.0,100.0,0.0,0.0,0.0,0.0,66.66666666666666,33.33333333333333,0.0,0.0,66.66666666666666,0.0,33.33333333333333,33.33333333333333,33.33333333333333,0.0,33.33333333333333,33.33333333333333,0.0,0.0,33.33333333333333,0.0,33.33333333333333,33.33333333333333,0.0,0.0,0.0,0.0,0.0,0.0,0.0,0.0,33.33333333333333,33.33333333333333,33.33333333333333,66.66666666666666,33.33333333333333
Department of Small Animal Clinical Sciences,College of Veterinary Medicine,,14.285714285714285,28.57142857142857,28.57142857142857,0.0,28.57142857142857,14.285714285714285,14.285714285714285,42.857142857142854,28.57142857142857,14.285714285714285,0.0,0.0,0.0,0.0,14.285714285714285,14.285714285714285,14.285714285714285,14.285714285714285,14.285714285714285,14.285714285714285,0.0,0.0,0.0,0.0,42.857142857142854,42.857142857142854,57.14285714285714,0.0,14.285714285714285,28.57142857142857,0.0,42.857142857142854,0.0,0.0,0.0,42.857142857142854,14.285714285714285,14.285714285714285,14.285714285714285,0.0,0.0,0.0,0.0,0.0,14.285714285714285,0.0,14.285714285714285,0.0,14.285714285714285,0.0,42.857142857142854,14.285714285714285,0.0,14.285714285714285,0.0,14.285714285714285,0.0,57.14285714285714,0.0,0.0,66.66666666666666,83.33333333333334,0.0,0.0,0.0,33.33333333333333,16.666666666666664,50.0,0.0,0.0,66.66666666666666,0.0,0.0,0.0,50.0
Department of Sociology,College of Liberal Arts and Human Sciences,,40.0,0.0,20.0,20.0,40.0,0.0,40.0,40.0,20.0,80.0,0.0,0.0,0.0,0.0,40.0,20.0,40.0,40.0,40.0,20.0,0.0,20.0,0.0,20.0,60.0,20.0,60.0,20.0,80.0,0.0,0.0,20.0,40.0,0.0,0.0,0.0,20.0,0.0,0.0,20.0,20.0,0.0,0.0,20.0,0.0,0.0,40.0,0.0,40.0,0.0,20.0,20.0,0.0,20.0,20.0,40.0,40.0,60.0,20.0,0.0,20.0,80.0,20.0,0.0,0.0,0.0,20.0,40.0,0.0,0.0,60.0,20.0,40.0,60.0,40.0
Department of Statistics,College of Science,,0.0,50.0,0.0,0.0,50.0,50.0,50.0,50.0,50.0,0.0,0.0,0.0,0.0,0.0,50.0,50.0,0.0,50.0,50.0,50.0,0.0,50.0,0.0,0.0,50.0,50.0,50.0,0.0,50.0,0.0,0.0,50.0,0.0,0.0,0.0,50.0,50.0,0.0,0.0,0.0,0.0,0.0,0.0,0.0,0.0,0.0,50.0,0.0,0.0,0.0,50.0,50.0,0.0,0.0,0.0,50.0,0.0,0.0,0.0,0.0,50.0,50.0,0.0,0.0,0.0,0.0,0.0,50.0,0.0,0.0,100.0,50.0,50.0,50.0,50.0
Fish and Wildlife Conservation,College of Natural Resources and Environment,,0.0,0.0,0.0,0.0,33.33333333333333,0.0,16.666666666666664,16.666666666666664,0.0,50.0,16.666666666666664,16.666666666666664,0.0,0.0,50.0,33.33333333333333,16.666666666666664,16.666666666666664,50.0,16.666666666666664,0.0,50.0,0.0,0.0,33.33333333333333,33.33333333333333,50.0,33.33333333333333,0.0,0.0,16.666666666666664,16.666666666666664,33.33333333333333,16.666666666666664,0.0,33.33333333333333,33.33333333333333,0.0,0.0,0.0,33.33333333333333,16.666666666666664,50.0,0.0,0.0,0.0,0.0,0.0,16.666666666666664,0.0,33.33333333333333,50.0,33.33333333333333,16.666666666666664,0.0,16.666666666666664,0.0,16.666666666666664,0.0,0.0,50.0,66.66666666666666,0.0,0.0,16.666666666666664,50.0,0.0,16.666666666666664,0.0,0.0,66.66666666666666,16.666666666666664,16.666666666666664,33.33333333333333,83.33333333333334
Forest Resources and Environmental Conservation,College of Natural Resources and Environment,,11.11111111111111,33.33333333333333,33.33333333333333,0.0,33.33333333333333,22.22222222222222,11.11111111111111,11.11111111111111,0.0,33.33333333333333,0.0,33.33333333333333,0.0,0.0,25.0,12.5,12.5,37.5,25.0,12.5,0.0,62.5,0.0,12.5,25.0,0.0,37.5,0.0,0.0,12.5,25.0,0.0,37.5,0.0,0.0,25.0,25.0,0.0,0.0,0.0,12.5,0.0,12.5,0.0,37.5,0.0,25.0,0.0,12.5,0.0,25.0,25.0,12.5,0.0,0.0,0.0,0.0,12.5,12.5,0.0,37.5,62.5,25.0,0.0,12.5,37.5,0.0,25.0,12.5,0.0,62.5,0.0,25.0,37.5,37.5
Geography,College of Natural Resources and Environment,,50.0,0.0,0.0,25.0,50.0,0.0,25.0,25.0,0.0,75.0,0.0,0.0,0.0,0.0,0.0,25.0,25.0,25.0,25.0,0.0,0.0,0.0,0.0,33.33333333333333,66.66666666666666,33.33333333333333,100.0,0.0,0.0,0.0,33.33333333333333,0.0,66.66666666666666,0.0,0.0,33.33333333333333,33.33333333333333,33.33333333333333,33.33333333333333,0.0,66.66666666666666,0.0,0.0,66.66666666666666,0.0,0.0,66.66666666666666,33.33333333333333,0.0,0.0,33.33333333333333,0.0,0.0,33.33333333333333,0.0,33.33333333333333,0.0,0.0,0.0,0.0,33.33333333333333,33.33333333333333,0.0,0.0,0.0,0.0,0.0,33.33333333333333,0.0,0.0,33.33333333333333,0.0,33.33333333333333,33.33333333333333,0.0
Graduate School,Graduate School,,0.0,50.0,0.0,0.0,0.0,0.0,0.0,0.0,0.0,0.0,0.0,0.0,0.0,50.0,0.0,0.0,0.0,0.0,0.0,0.0,0.0,0.0,0.0,0.0,100.0,0.0,50.0,0.0,0.0,50.0,0.0,100.0,0.0,50.0,0.0,0.0,0.0,0.0,0.0,0.0,0.0,0.0,0.0,0.0,50.0,0.0,50.0,0.0,0.0,0.0,0.0,0.0,0.0,0.0,0.0,0.0,0.0,0.0,0.0,0.0,50.0,0.0,100.0,0.0,50.0,0.0,0.0,0.0,0.0,0.0,100.0,0.0,0.0,50.0,50.0
Honors College,Honors College,,0.0,0.0,0.0,0.0,0.0,0.0,100.0,0.0,0.0,0.0,0.0,0.0,0.0,0.0,0.0,0.0,0.0,0.0,100.0,0.0,0.0,0.0,0.0,0.0,0.0,0.0,0.0,0.0,100.0,0.0,0.0,0.0,100.0,0.0,0.0,0.0,0.0,0.0,0.0,0.0,0.0,0.0,0.0,100.0,0.0,0.0,0.0,100.0,0.0,0.0,0.0,100.0,0.0,0.0,0.0,0.0,0.0,0.0,0.0,0.0,0.0,100.0,0.0,0.0,0.0,0.0,0.0,0.0,0.0,0.0,100.0,0.0,0.0,100.0,0.0
Howard Feiertag Department of Hospitality & Tourism Management,College of Business,,0.0,0.0,0.0,0.0,50.0,0.0,50.0,50.0,0.0,100.0,0.0,0.0,0.0,0.0,100.0,100.0,50.0,50.0,100.0,0.0,0.0,0.0,0.0,0.0,100.0,100.0,100.0,100.0,50.0,50.0,0.0,0.0,100.0,0.0,0.0,0.0,0.0,0.0,0.0,0.0,0.0,0.0,0.0,0.0,50.0,0.0,0.0,100.0,50.0,0.0,0.0,0.0,0.0,0.0,0.0,0.0,0.0,50.0,0.0,0.0,0.0,0.0,50.0,0.0,0.0,50.0,0.0,50.0,0.0,0.0,0.0,0.0,0.0,0.0,0.0
Myers-Lawson School of Construction,College of Engineering,,0.0,0.0,0.0,100.0,100.0,0.0,0.0,0.0,0.0,0.0,0.0,0.0,0.0,0.0,100.0,0.0,0.0,0.0,100.0,0.0,0.0,0.0,0.0,0.0,100.0,100.0,100.0,0.0,0.0,0.0,0.0,100.0,0.0,0.0,0.0,100.0,100.0,0.0,0.0,0.0,0.0,0.0,0.0,0.0,0.0,0.0,0.0,0.0,0.0,0.0,0.0,0.0,100.0,0.0,0.0,0.0,0.0,0.0,0.0,0.0,100.0,100.0,0.0,0.0,0.0,0.0,0.0,0.0,0.0,0.0,100.0,0.0,0.0,100.0,100.0
School of Architecture,College of Architecture Arts and Design,,46.666666666666664,46.666666666666664,26.666666666666668,26.666666666666668,53.333333333333336,20.0,0.0,26.666666666666668,26.666666666666668,53.333333333333336,6.666666666666667,26.666666666666668,0.0,6.666666666666667,26.666666666666668,6.666666666666667,13.333333333333334,20.0,33.33333333333333,0.0,0.0,35.714285714285715,0.0,35.714285714285715,14.285714285714285,21.428571428571427,57.14285714285714,21.428571428571427,0.0,57.14285714285714,14.285714285714285,42.857142857142854,28.57142857142857,0.0,0.0,14.285714285714285,7.142857142857142,28.57142857142857,7.142857142857142,21.428571428571427,42.857142857142854,7.142857142857142,28.57142857142857,21.428571428571427,21.428571428571427,0.0,57.14285714285714,7.142857142857142,7.142857142857142,0.0,14.285714285714285,7.142857142857142,28.57142857142857,14.285714285714285,7.142857142857142,42.857142857142854,7.142857142857142,28.57142857142857,35.714285714285715,0.0,21.428571428571427,50.0,0.0,0.0,14.285714285714285,21.428571428571427,14.285714285714285,35.714285714285715,0.0,0.0,28.57142857142857,28.57142857142857,28.57142857142857,21.428571428571427,28.57142857142857
School of Communication,College of Liberal Arts and Human Sciences,,40.0,0.0,40.0,0.0,60.0,0.0,0.0,40.0,0.0,20.0,20.0,0.0,0.0,0.0,0.0,40.0,60.0,20.0,40.0,0.0,0.0,50.0,25.0,25.0,50.0,25.0,50.0,0.0,0.0,25.0,25.0,0.0,25.0,0.0,0.0,0.0,0.0,0.0,50.0,50.0,0.0,0.0,0.0,50.0,0.0,0.0,75.0,25.0,25.0,0.0,75.0,25.0,25.0,50.0,0.0,50.0,0.0,50.0,0.0,0.0,50.0,75.0,0.0,0.0,25.0,0.0,0.0,25.0,0.0,0.0,50.0,0.0,0.0,50.0,25.0
School of Design,College of Architecture Arts and Design,,0.0,16.666666666666664,0.0,0.0,33.33333333333333,0.0,16.666666666666664,0.0,0.0,50.0,0.0,0.0,0.0,16.666666666666664,33.33333333333333,33.33333333333333,0.0,0.0,83.33333333333334,33.33333333333333,0.0,100.0,0.0,0.0,16.666666666666664,16.666666666666664,33.33333333333333,33.33333333333333,0.0,33.33333333333333,0.0,0.0,33.33333333333333,0.0,0.0,66.66666666666666,16.666666666666664,0.0,0.0,16.666666666666664,16.666666666666664,0.0,16.666666666666664,0.0,16.666666666666664,0.0,0.0,0.0,0.0,0.0,16.666666666666664,16.666666666666664,16.666666666666664,33.33333333333333,16.666666666666664,33.33333333333333,16.666666666666664,33.33333333333333,0.0,0.0,66.66666666666666,83.33333333333334,0.0,0.0,0.0,0.0,0.0,0.0,0.0,0.0,66.66666666666666,16.666666666666664,33.33333333333333,33.33333333333333,33.33333333333333
School of Education,College of Liberal Arts and Human Sciences,,0.0,33.33333333333333,0.0,0.0,22.22222222222222,22.22222222222222,11.11111111111111,11.11111111111111,22.22222222222222,11.11111111111111,0.0,0.0,0.0,0.0,33.33333333333333,0.0,0.0,0.0,33.33333333333333,11.11111111111111,0.0,55.55555555555556,0.0,11.11111111111111,11.11111111111111,11.11111111111111,33.33333333333333,22.22222222222222,11.11111111111111,0.0,0.0,33.33333333333333,22.22222222222222,0.0,0.0,44.44444444444444,0.0,22.22222222222222,11.11111111111111,0.0,0.0,0.0,11.11111111111111,0.0,11.11111111111111,0.0,0.0,22.22222222222222,0.0,0.0,11.11111111111111,11.11111111111111,33.33333333333333,0.0,0.0,0.0,11.11111111111111,44.44444444444444,0.0,0.0,33.33333333333333,55.55555555555556,0.0,0.0,0.0,0.0,0.0,33.33333333333333,0.0,0.0,55.55555555555556,33.33333333333333,22.22222222222222,44.44444444444444,44.44444444444444
School of Performing Arts,College of Architecture Arts and Design,,20.0,33.33333333333333,20.0,13.333333333333334,53.333333333333336,20.0,26.666666666666668,20.0,20.0,46.666666666666664,13.333333333333334,6.666666666666667,0.0,0.0,53.333333333333336,26.666666666666668,26.666666666666668,13.333333333333334,26.666666666666668,13.333333333333334,0.0,15.384615384615385,0.0,7.6923076923076925,46.15384615384615,0.0,61.53846153846154,7.6923076923076925,23.076923076923077,23.076923076923077,7.6923076923076925,53.84615384615385,30.76923076923077,0.0,0.0,15.384615384615385,0.0,7.6923076923076925,30.76923076923077,23.076923076923077,15.384615384615385,0.0,15.384615384615385,15.384615384615385,38.46153846153847,0.0,46.15384615384615,0.0,7.6923076923076925,0.0,33.33333333333333,16.666666666666664,33.33333333333333,8.333333333333332,16.666666666666664,50.0,0.0,50.0,0.0,0.0,50.0,58.333333333333336,0.0,0.0,8.333333333333332,16.666666666666664,0.0,33.33333333333333,0.0,0.0,50.0,25.0,25.0,25.0,58.333333333333336
School of Plant and Environmental Sciences,College of Agriculture and Life Sciences,,46.15384615384615,30.76923076923077,7.6923076923076925,7.6923076923076925,30.76923076923077,15.384615384615385,0.0,23.076923076923077,23.076923076923077,15.384615384615385,23.076923076923077,7.6923076923076925,0.0,15.384615384615385,30.76923076923077,23.076923076923077,30.76923076923077,7.6923076923076925,30.76923076923077,23.076923076923077,0.0,23.076923076923077,0.0,7.6923076923076925,38.46153846153847,23.076923076923077,38.46153846153847,7.6923076923076925,0.0,15.384615384615385,7.6923076923076925,30.76923076923077,30.76923076923077,0.0,0.0,30.76923076923077,7.6923076923076925,0.0,0.0,7.6923076923076925,7.6923076923076925,7.6923076923076925,7.6923076923076925,0.0,7.6923076923076925,0.0,0.0,0.0,0.0,0.0,61.53846153846154,76.92307692307693,7.6923076923076925,0.0,7.6923076923076925,30.76923076923077,0.0,15.384615384615385,7.6923076923076925,0.0,69.23076923076923,53.84615384615385,0.0,0.0,15.384615384615385,23.076923076923077,15.384615384615385,7.6923076923076925,0.0,0.0,61.53846153846154,69.23076923076923,30.76923076923077,61.53846153846154,53.84615384615385
School of Public and International Affairs,College of Liberal Arts and Human Sciences,,0.0,14.285714285714285,14.285714285714285,0.0,57.14285714285714,0.0,28.57142857142857,42.857142857142854,14.285714285714285,14.285714285714285,0.0,14.285714285714285,0.0,0.0,50.0,0.0,0.0,0.0,33.33333333333333,0.0,0.0,83.33333333333334,16.666666666666664,16.666666666666664,16.666666666666664,0.0,33.33333333333333,16.666666666666664,0.0,0.0,0.0,16.666666666666664,0.0,0.0,0.0,33.33333333333333,0.0,0.0,0.0,16.666666666666664,0.0,0.0,16.666666666666664,16.666666666666664,33.33333333333333,16.666666666666664,16.666666666666664,0.0,16.666666666666664,0.0,50.0,50.0,16.666666666666664,0.0,0.0,16.666666666666664,0.0,50.0,0.0,0.0,100.0,100.0,0.0,16.666666666666664,0.0,16.666666666666664,16.666666666666664,16.666666666666664,16.666666666666664,0.0,66.66666666666666,16.666666666666664,33.33333333333333,50.0,66.66666666666666
School of Visual Arts,College of Architecture Arts and Design,,0.0,0.0,0.0,0.0,16.666666666666664,16.666666666666664,0.0,16.666666666666664,16.666666666666664,33.33333333333333,0.0,0.0,0.0,16.666666666666664,33.33333333333333,33.33333333333333,50.0,33.33333333333333,66.66666666666666,16.666666666666664,0.0,50.0,16.666666666666664,0.0,16.666666666666664,0.0,50.0,16.666666666666664,0.0,66.66666666666666,0.0,66.66666666666666,16.666666666666664,0.0,0.0,0.0,16.666666666666664,16.666666666666664,0.0,33.33333333333333,33.33333333333333,0.0,16.666666666666664,0.0,33.33333333333333,16.666666666666664,33.33333333333333,0.0,0.0,0.0,16.666666666666664,50.0,16.666666666666664,0.0,0.0,16.666666666666664,0.0,16.666666666666664,16.666666666666664,0.0,100.0,50.0,0.0,0.0,0.0,16.666666666666664,0.0,0.0,0.0,0.0,83.33333333333334,66.66666666666666,50.0,50.0,66.66666666666666
Sustainable Biomaterials,College of Natural Resources and Environment,,0.0,25.0,25.0,0.0,50.0,0.0,0.0,0.0,0.0,0.0,0.0,25.0,0.0,0.0,50.0,0.0,0.0,0.0,25.0,0.0,0.0,25.0,0.0,25.0,50.0,0.0,0.0,0.0,0.0,0.0,0.0,25.0,0.0,0.0,0.0,25.0,0.0,0.0,0.0,0.0,25.0,0.0,0.0,0.0,25.0,0.0,50.0,0.0,0.0,0.0,75.0,100.0,0.0,0.0,0.0,0.0,0.0,25.0,0.0,0.0,50.0,100.0,0.0,0.0,25.0,25.0,0.0,0.0,0.0,0.0,100.0,50.0,0.0,50.0,50.0
nan,,,,,,,,,,,,,,,,,,,,,,,,,,,,,,,,,,,,,,,,,,,,,,,,,,,,,,,,,,,,,,,,,,,,,,,,,,,,,
